Promedio Final,Desviación Estándar,Percentil 5% (VaR),Percentil 95%
116403.568620325,6692.460084109275,105947.5314749576,127494.69791978337
