Promedio Final,Desviación Estándar,Percentil 5% (VaR),Percentil 95%
116196.44662863362,6435.243205829249,106184.10851336106,127455.75247353982
